user_id,user_location,user_name,followers_count,statuses_count,user_time_zone,verified,lang,screen_name,created_at,favourites_count,friends_count,listed_count
100345056,still ⬆️Block⤵️Corner⬇️street,#Ezekiel2517✨...,1053,31858,,FALSE,en,SCOTTGOHARD,Tue Dec 29 23:15:22 +0000 2009,2774,1055,35
247165706,"Chicago, IL",B E C K S T E R✨,650,6742,Mountain Time (US & Canada),FALSE,en,Beckster319,Fri Feb 04 06:38:45 +0000 2011,7273,896,30
249538861,,Chris Osborne,44,843,,FALSE,en,skatewake1994,Wed Feb 09 07:38:44 +0000 2011,227,154,1
449689677,,Рамзан Кадыров,94773,10877,Moscow,FALSE,ru,KadirovRussia,Thu Dec 29 11:31:09 +0000 2011,0,7,691
471868887,"Санкт-Петербург, Россия",Маргарита Саваж,23305,18401,Volgograd,FALSE,ru,MargoSavazh,Mon Jan 23 10:26:25 +0000 2012,1480,8021,231
1039581360,Amerika,Dark Nally,22,22603,Jakarta,FALSE,id,darknally,Thu Dec 27 13:06:58 +0000 2012,0,40,16
1510488662,USA,Laila Heats,3080,2228,Eastern Time (US & Canada),FALSE,en,lagonehoe,Wed Jun 12 13:07:49 +0000 2013,3504,2369,12
1513801268,USA,CC Jack,2760,2100,Eastern Time (US & Canada),FALSE,en,YouJustCtrlC,Thu Jun 13 16:07:23 +0000 2013,2744,2700,10
1517678892,"Philadelphia, PA",Mr Moran,879,2044,Eastern Time (US & Canada),FALSE,en,MrMoraan,Fri Jun 14 21:58:48 +0000 2013,2981,758,15
1518857420,USA,Jonathon Norwood,789,2002,Eastern Time (US & Canada),FALSE,en,NoJonathonNo,Sat Jun 15 08:47:02 +0000 2013,2170,440,8
1532863891,ATL,Harper H21,1956,3300,Eastern Time (US & Canada),FALSE,en,CharlesJHarper,Thu Jun 20 04:49:04 +0000 2013,1850,1626,21
1533813962,USA,Lara Pretty,1795,3342,Eastern Time (US & Canada),FALSE,en,PrettyLaraPlace,Thu Jun 20 12:35:59 +0000 2013,3555,1360,24
1584279696,"Chicago, IL",Jasiah Jenkins,728,1918,Eastern Time (US & Canada),FALSE,en,BigBoyJasiah,Wed Jul 10 23:55:16 +0000 2013,2342,393,19
1594887416,USA,Jeremy Roberts,837,1573,Eastern Time (US & Canada),FALSE,en,Jery_RobertsYo,Mon Jul 15 03:34:50 +0000 2013,1836,898,5
1612106972,USA,Reuben Littlejohn,738,1899,Eastern Time (US & Canada),FALSE,en,LILJordamn,Mon Jul 22 05:34:20 +0000 2013,2251,608,16
1617939218,USA,Pauline Gunn,908,1906,Eastern Time (US & Canada),FALSE,en,PaulineTT,Wed Jul 24 14:50:02 +0000 2013,1983,1075,5
1620474397,USA,Ramona Mcintosh,877,1745,Eastern Time (US & Canada),FALSE,en,RamonasNails,Thu Jul 25 14:06:28 +0000 2013,1992,1138,6
1623180199,,Jeffrey Kahunas,1565,2320,Pacific Time (US & Canada),FALSE,en,JeffreyKahunas,Fri Jul 26 15:01:14 +0000 2013,1090,1586,18
1627096807,"Chicago, IL",Jason Scott,674,1818,Eastern Time (US & Canada),FALSE,en,JassScott,Sun Jul 28 04:54:51 +0000 2013,2004,321,13
1627699074,United States,Sherman Cannon,2854,10203,Eastern Time (US & Canada),FALSE,en,CannonSher,Sun Jul 28 11:51:53 +0000 2013,10128,2487,30
1629828379,"New York, USA",Lovely Cass,2121,3831,Eastern Time (US & Canada),FALSE,en,cassishere,Mon Jul 29 07:59:27 +0000 2013,4154,2220,36
1647045721,Alaska,Carrie,2291,3222,Eastern Time (US & Canada),FALSE,en,CarrieThornthon,Mon Aug 05 05:56:27 +0000 2013,3930,2272,23
1648012021,United States,Anthony Nelson,853,1771,Eastern Time (US & Canada),FALSE,en,ImaPharrelFake,Mon Aug 05 14:58:13 +0000 2013,2764,1164,16
1649144358,,Wesley Holmes,1519,1232,Pacific Time (US & Canada),FALSE,en,WesternWindWes,Tue Aug 06 01:49:24 +0000 2013,592,1351,29
1649487510,USA,Khloe Irving,909,1935,Eastern Time (US & Canada),FALSE,en,HiImKhloe,Tue Aug 06 05:08:41 +0000 2013,2026,859,13
1649967228,United States,Nick Luna,1457,2100,Pacific Time (US & Canada),FALSE,en,_NickLuna_,Tue Aug 06 10:16:28 +0000 2013,2001,1262,21
1650681522,United States,Messiah Haynes,2804,5554,Eastern Time (US & Canada),FALSE,en,IlikeBIGbuttand,Tue Aug 06 16:32:34 +0000 2013,3939,2421,27
1651692980,USA,Thomas Lopez,456,1637,Eastern Time (US & Canada),FALSE,en,staywoke88,Wed Aug 07 01:19:25 +0000 2013,1117,551,11
1651693646,United States,Cynthia Mary Hunter,429,2759,Eastern Time (US & Canada),FALSE,en,CynthiaMHunter,Wed Aug 07 01:19:57 +0000 2013,4532,451,23
1652138929,NY,Bossy Bo$$,900,1725,Eastern Time (US & Canada),FALSE,en,acejinev,Wed Aug 07 05:22:21 +0000 2013,1836,806,11
1652262638,USA,Anton Haynes,671,1936,Eastern Time (US & Canada),FALSE,en,AntonHayHay,Wed Aug 07 06:52:35 +0000 2013,1849,310,14
1652987412,USA,Alec Moody,905,3420,Eastern Time (US & Canada),FALSE,en,AlecMooooody,Wed Aug 07 13:58:59 +0000 2013,3738,530,23
1653553555,Florida,Jayda Stone,916,1978,Eastern Time (US & Canada),FALSE,en,JaydaAstonishin,Wed Aug 07 17:59:05 +0000 2013,2191,1196,9
1655194147,"St Louis, MO",̧M̧ȩļa̧ņi̧ņ,963,2121,Eastern Time (US & Canada),FALSE,en,melanymelanin,Thu Aug 08 11:23:24 +0000 2013,2717,915,10
1656024374,,Nancy CAMPBELL,784,2124,Eastern Time (US & Canada),FALSE,en,IMissObama,Thu Aug 08 19:11:36 +0000 2013,2088,478,14
1656685598,USA,Jeanne Mccarthy,3242,1999,Eastern Time (US & Canada),FALSE,en,JeanneMccarthy0,Fri Aug 09 02:18:37 +0000 2013,1863,3420,35
1657694515,US,Jadon Dailey,1753,2299,Eastern Time (US & Canada),FALSE,en,DaileyJadon,Fri Aug 09 12:38:08 +0000 2013,1298,1485,13
1657833811,USA,Adrienne,1822,2083,Eastern Time (US & Canada),FALSE,en,Adrienne_GG,Fri Aug 09 13:55:17 +0000 2013,1010,1548,15
1658202894,United States,Laura Baeley,1073,1946,Eastern Time (US & Canada),FALSE,en,LauraBaeley,Fri Aug 09 17:24:31 +0000 2013,1933,1160,14
1658420976,USA,Bao Ham,1032,2004,Eastern Time (US & Canada),FALSE,en,BaoBaeHam,Fri Aug 09 19:23:10 +0000 2013,2420,836,12
1658440730,USA,Travi$ Lane,826,1875,Eastern Time (US & Canada),FALSE,en,TravisRespek,Fri Aug 09 19:14:25 +0000 2013,2384,931,12
4332740714,,,,,,,,USA_Gunslinger,,,,
4840551713,,,,,,,,BlackToLive,,,,
4437233895,,,,,,,,Crystal1Johnson,,,,
4224729994,,,,,,,,TEN_GOP,,,,
1659549972,NY,Jared Mallory,824,1811,Eastern Time (US & Canada),FALSE,en,MalloryJared,Sat Aug 10 08:10:31 +0000 2013,2145,874,17
1660375034,USA,Sarah Richards,865,1747,Eastern Time (US & Canada),FALSE,en,iLoveSarahRich,Sat Aug 10 15:28:00 +0000 2013,2021,974,6
1660771422,USA,Garret Simpson,1588,2010,Eastern Time (US & Canada),FALSE,en,GarrettSimpson_,Sat Aug 10 19:27:26 +0000 2013,1577,1339,25
1661246144,USA,Kate Ritter,1578,5347,Eastern Time (US & Canada),FALSE,en,KateRitterrrr,Sun Aug 11 00:17:33 +0000 2013,6797,1320,54
1662453998,USA,Ernest Rivers,827,1854,Eastern Time (US & Canada),FALSE,en,ErRivvvvers,Sun Aug 11 12:32:12 +0000 2013,2263,864,10
1664988493,USA,Claudia,2102,2574,Eastern Time (US & Canada),FALSE,en,claudia42kern,Mon Aug 12 12:28:59 +0000 2013,1609,1723,20
1665377383,"New York, USA",Elias Briggs,820,2047,Eastern Time (US & Canada),FALSE,en,EliasBrick,Mon Aug 12 15:33:31 +0000 2013,2060,903,6
1666030405,USA,Pam Daniels,943,2478,Eastern Time (US & Canada),FALSE,en,PamBLMDaniels,Mon Aug 12 20:50:57 +0000 2013,2530,549,24
1668307436,Baltimore,Curtis Burrell,3143,5510,Eastern Time (US & Canada),FALSE,en,CurtisBigMan,Tue Aug 13 17:05:52 +0000 2013,3721,2896,32
1669574551,USA,Rick Shafer,2694,1703,Eastern Time (US & Canada),FALSE,en,deusXYX,Wed Aug 14 05:02:51 +0000 2013,1021,3191,36
1670149272,USA,Javon Grayson,841,3479,Eastern Time (US & Canada),FALSE,en,JavonHIDP,Wed Aug 14 10:44:06 +0000 2013,4438,456,18
1670318690,USA,Alexander Massey,941,2039,Eastern Time (US & Canada),FALSE,en,Siccerthanyou,Wed Aug 14 11:53:20 +0000 2013,2313,854,13
1671234620,USA,Susan,2225,10242,Eastern Time (US & Canada),FALSE,en,hyddrox,Wed Aug 14 19:07:30 +0000 2013,8748,2159,72
1672624255,USA,Samir Gooden,873,1739,Eastern Time (US & Canada),FALSE,en,SamirGooden,Thu Aug 15 08:09:52 +0000 2013,2237,794,11
1674083671,USA,Gabriella Aldana,3356,3861,Eastern Time (US & Canada),FALSE,en,Gab1Aldana,Thu Aug 15 21:02:22 +0000 2013,3861,3020,31
1676377446,USA,Chad Sloyer,797,2446,Eastern Time (US & Canada),FALSE,en,ChadSloyer,Fri Aug 16 18:51:11 +0000 2013,3081,872,11
1676481360,USA,Emilee Waren,1909,2170,Eastern Time (US & Canada),FALSE,en,EmileeWaren,Fri Aug 16 19:50:47 +0000 2013,1778,1501,23
1677048979,"Baton Rouge, LA",Gwendolyn Lovet,1055,2597,Eastern Time (US & Canada),FALSE,en,GwennyThot,Sat Aug 17 01:20:54 +0000 2013,3124,875,16
1679279490,USA,Amelie Baldwin,2464,15227,Eastern Time (US & Canada),FALSE,en,AmelieBaldwin,Sat Aug 17 22:53:07 +0000 2013,14540,1930,160
1680578719,USA,Rosie Wise,683,1229,Eastern Time (US & Canada),FALSE,en,RosieOnFleek,Sun Aug 18 11:56:48 +0000 2013,1353,637,23
1681162956,"Chicago, IL",Jerry,2608,9703,Eastern Time (US & Canada),FALSE,en,camosaseko,Sun Aug 18 17:12:57 +0000 2013,10088,2279,27
1682444790,USA,Peyton Cash,770,1576,Eastern Time (US & Canada),FALSE,en,PeytonCashOut,Mon Aug 19 05:55:49 +0000 2013,1964,746,12
1684524144,USA,Will Wise,904,1844,Eastern Time (US & Canada),FALSE,en,DatWiseNigga,Tue Aug 20 00:53:56 +0000 2013,2393,812,16
1685173321,USA,Chase Bacon,696,1889,Eastern Time (US & Canada),FALSE,en,BLMSoldier,Tue Aug 20 07:33:54 +0000 2013,2129,707,25
1685718216,America,John Larsen,541,2387,Eastern Time (US & Canada),FALSE,en,J0hnLarsen,Tue Aug 20 13:02:28 +0000 2013,3211,852,21
1685771767,USA,Stanley Parrish,849,1761,Eastern Time (US & Canada),FALSE,en,StanleyParris,Tue Aug 20 12:59:48 +0000 2013,1975,1149,9
1686370159,United States,Archie Olivers,2569,1854,Pacific Time (US & Canada),FALSE,en,ArchieOlivers,Tue Aug 20 17:49:51 +0000 2013,1006,3396,28
1687183549,USA,Bleep The Police,13196,13727,Eastern Time (US & Canada),FALSE,en,BleepThePolice,Wed Aug 21 01:49:22 +0000 2013,11083,8071,163
1688370956,"Georgia, USA",Watch Jenny Walkin',851,2259,Pacific Time (US & Canada),FALSE,en,WatchMeWalkin,Wed Aug 21 13:49:48 +0000 2013,2214,547,10
1690487623,USA,Michelle Arrington,3229,2433,Eastern Time (US & Canada),FALSE,en,MichelleArry,Thu Aug 22 08:41:12 +0000 2013,2157,3290,42
1691736218,"Los Angeles, CA",Reginald Blackmon,856,1997,Eastern Time (US & Canada),FALSE,en,RegieBlackmon,Thu Aug 22 18:06:53 +0000 2013,2558,931,10
1692501152,"Los Angeles, CA",Cornell Burchett,766,1786,Eastern Time (US & Canada),FALSE,en,CornellBurchet,Fri Aug 23 01:00:15 +0000 2013,2166,720,19
1694026190,United States,Jackie Best,2078,3416,Eastern Time (US & Canada),FALSE,en,JacquelinIsBest,Fri Aug 23 14:41:32 +0000 2013,3518,1757,31
1695830984,United States,Kelvin Chambers,1506,1576,Pacific Time (US & Canada),FALSE,en,Kelvin_Chambers,Sat Aug 24 07:32:29 +0000 2013,984,1260,32
1699979024,"Texas, USA",Randolph Burris,876,1914,Eastern Time (US & Canada),FALSE,en,RandolphBurrr,Sun Aug 25 19:28:17 +0000 2013,2552,917,10
4272870988,,,,,,,,Pamela_Moore13,,,,
1701955429,"Baltimore, MD",Zachary Freeman,899,1700,Eastern Time (US & Canada),FALSE,en,ZzzacharyZzz,Mon Aug 26 13:25:39 +0000 2013,2290,831,14
1710804738,United States,Steven Cook,1468,2188,Pacific Time (US & Canada),FALSE,en,CooknCooks,Thu Aug 29 19:45:40 +0000 2013,2447,1454,15
1715190968,USA,One Mighty Fish,698,1718,Eastern Time (US & Canada),FALSE,en,OneMightyFish,Sat Aug 31 09:33:57 +0000 2013,1978,831,13
1715424829,United States,Mackenzie Donovan,536,2300,Eastern Time (US & Canada),FALSE,en,KenzDonovan,Sat Aug 31 11:06:09 +0000 2013,2609,577,10
1716228906,USA,Jasmin Jacobs,906,2217,Eastern Time (US & Canada),FALSE,en,Jani_s_Jac,Sat Aug 31 17:14:08 +0000 2013,2405,575,10
1716561367,USA,Ida Marks,1080,2194,Eastern Time (US & Canada),FALSE,en,IIddaaMarks,Sat Aug 31 19:07:08 +0000 2013,3051,925,14
1720117201,USA,Donna from USA,1623,2341,Eastern Time (US & Canada),FALSE,en,DonnaBRivera,Sun Sep 01 20:02:10 +0000 2013,1772,1552,33
1720981580,USA,Hunter Odom,2727,2076,Eastern Time (US & Canada),FALSE,en,HunterOddddom,Mon Sep 02 02:57:06 +0000 2013,2615,2001,24
1727482238,,Fluffy Melvin,3169,4874,Eastern Time (US & Canada),FALSE,en,MelvinSRoberts,Wed Sep 04 03:45:27 +0000 2013,3562,2658,30
1768259989,"USA, Atlanta",Clyde Pratt,914,1978,Eastern Time (US & Canada),FALSE,en,mrclydepratt,Sat Sep 07 19:16:06 +0000 2013,1996,847,23
1833223908,USA,Dorothie,1893,3069,Eastern Time (US & Canada),FALSE,en,DorothieBell,Sun Sep 08 19:08:41 +0000 2013,3166,2315,33
1856828959,"Florida, USA",Deandre Gregory,774,1703,Eastern Time (US & Canada),FALSE,en,OGDeandre,Thu Sep 12 09:04:03 +0000 2013,1989,415,11
1859674386,US,Michael Garcia,851,2295,Eastern Time (US & Canada),FALSE,en,DrMichaelGarcia,Fri Sep 13 06:39:11 +0000 2013,2937,453,11
1868496344,USA,Briana Ragland,768,2938,Eastern Time (US & Canada),FALSE,en,brianaregland,Sun Sep 15 17:11:49 +0000 2013,3221,415,12
1868981054,United States,Ryan Maxwell,1839,1853,Pacific Time (US & Canada),FALSE,en,RyanMaxwell_1,Sun Sep 15 19:45:16 +0000 2013,1102,1990,25
1914760610,NYC,Raven Nicholson,807,1645,Eastern Time (US & Canada),FALSE,en,ravenicholson,Sat Sep 28 17:17:28 +0000 2013,2437,860,10
2233297178,"Москва, Россия",Артур Буранов,405,1350,Yerevan,FALSE,ru,ArturBuranof,Fri Dec 06 17:29:56 +0000 2013,615,1628,1
2388391757,"Москва, Россия",Бучин Боря,108,1357,Baku,FALSE,ru,Boryabuchin,Thu Mar 06 13:29:09 +0000 2014,1476,215,1
2404145297,,Мистер Пудинг,81,1310,Moscow,FALSE,ru,Puddin_Leto,Wed Mar 12 07:09:51 +0000 2014,2264,85,0
2415525154,"Москва, Россия",Артём Захаров,2111,586,Volgograd,FALSE,ru,teZaharov,Sun Mar 16 16:04:57 +0000 2014,406,69,0
2419886435,Мурманск,Валентина Дмитриева,2466,1312,Moscow,FALSE,ru,Valeyina_Dm,Tue Mar 18 11:53:29 +0000 2014,354,811,1
2422793627,Санкт-Петербург,БогданКравцов,2741,1619,Baku,FALSE,ru,BogdanKravcov,Wed Mar 19 15:33:40 +0000 2014,908,1564,4
2478383999,,Алексей Лапин,2219,1237,Volgograd,FALSE,ru,_SashaLapin,Sat Apr 12 09:09:27 +0000 2014,345,679,4
2484642526,,Warfare Worldwide,23876,2618,St. Petersburg,FALSE,en,WarfareWW,Mon Apr 14 17:32:56 +0000 2014,247,7481,565
2491081213,USA,Wade Harriot,1363,3089,Eastern Time (US & Canada),FALSE,en,wadeharriot,Mon May 12 07:50:03 +0000 2014,4478,1040,25
2492948562,USA,Jadon Hutchinson,888,2139,Eastern Time (US & Canada),FALSE,en,JadonHutchinson,Tue May 13 13:09:48 +0000 2014,2831,1234,28
2494509505,"Калининград, Россия",Мария Котова,4515,747,Volgograd,FALSE,ru,Kotovamarys,Wed May 14 18:11:36 +0000 2014,990,62,1
2495567768,"San Francisco, CA",San Francisco Daily,16812,32546,Pacific Time (US & Canada),FALSE,en,DailySanFran,Thu May 15 03:22:22 +0000 2014,1,5128,159
2498271878,United States,Jake Fischer,1609,1033,Eastern Time (US & Canada),FALSE,en,interFischer,Fri May 16 10:36:48 +0000 2014,494,1828,15
2501947239,"Москва, Россия",Таисия Авдеева,2535,937,Volgograd,FALSE,ru,TaisiaAvdeeva,Tue Apr 22 14:33:37 +0000 2014,2168,279,1
2504171440,Москва,Ольга Ильина,75,548,Moscow,FALSE,ru,patriotka_rusi,Wed Apr 23 14:33:08 +0000 2014,631,87,4
2512420407,"Калуга, Россия",Руслан Рогов,4507,657,Volgograd,FALSE,ru,russilanrogov,Sun Apr 27 11:14:41 +0000 2014,1644,75,3
2512994207,,Невротик,97,1912,Moscow,FALSE,ru,rusnevrotik,Sun Apr 27 16:34:47 +0000 2014,2658,120,1
2514979491,Я везде,Старая разведчица,2360,1135,Volgograd,FALSE,ru,razvedchica_,Mon Apr 28 15:37:43 +0000 2014,1261,549,3
2524942055,"Москва, Россия",Вячеслав Пономарёв,76,490,Moscow,FALSE,ru,ponomarevSlav,Sat May 03 07:34:27 +0000 2014,545,274,2
2525032463,"Ярославль, Россия",Виктория Борисова,2513,594,Volgograd,FALSE,ru,ViBorisova,Sat May 03 08:41:33 +0000 2014,908,189,0
2527537955,Москва,Николай Черненко,2233,1243,Volgograd,FALSE,ru,ChernenkoNikola,Sun May 04 08:18:36 +0000 2014,427,243,2
2527804618,"Москва, Россия",Роман Агафонов,2452,835,Moscow,FALSE,ru,RomanAgafonovv,Sun May 04 10:31:27 +0000 2014,393,379,1
2527983201,Питер,Степан Сазонов,2204,529,Volgograd,FALSE,ru,StepanSazono,Sun May 04 12:03:24 +0000 2014,759,202,2
2528245959,Москва,Василич,2495,938,Volgograd,FALSE,ru,VasilichVasili,Sun May 04 14:12:42 +0000 2014,442,192,2
2528293132,Moscow,Антон Ерофеенко,2189,701,Volgograd,FALSE,ru,ErofeenkoAnton,Sun May 04 14:30:32 +0000 2014,419,252,1
2530603456,Москва,Алексей Соколов,337,2669,Yerevan,FALSE,ru,Aleksey_Sokol_,Mon May 05 09:35:10 +0000 2014,2853,1702,4
2531159968,"Washington, DC",Tracy Brooks,3696,4655,Eastern Time (US & Canada),FALSE,en,traceyhappymom,Mon May 05 14:13:47 +0000 2014,3778,3353,21
2532597577,USA,Bruce Dublin,2161,2995,Eastern Time (US & Canada),FALSE,en,BrucieDublin,Thu May 29 12:43:47 +0000 2014,1854,1807,23
2532611755,Atlanta,Kathie,2970,4267,Eastern Time (US & Canada),FALSE,en,KathieMrr,Thu May 29 12:50:04 +0000 2014,2094,3157,22
2533001646,USA,Jasper Flynn,1957,3379,Eastern Time (US & Canada),FALSE,en,Jasper_Fly,Thu May 29 16:57:09 +0000 2014,2416,1782,15
2533653547,USA,Eva Green,2668,1831,Eastern Time (US & Canada),FALSE,en,EvaGreen69,Thu May 29 23:40:26 +0000 2014,1325,2884,46
2533984805,Чита,Роман Горолов,2452,1080,Moscow,FALSE,ru,romanGorolov,Wed May 07 14:14:55 +0000 2014,876,119,2
2534875924,,F.R.I.E.N.D.S,70,2024,Moscow,FALSE,ru,6Druz,Thu May 08 09:32:12 +0000 2014,2751,11,0
2535166748,USA,Paola Kinck,2145,3518,Eastern Time (US & Canada),FALSE,en,PaolaKinck,Fri May 30 14:14:48 +0000 2014,2082,2956,24
2535218881,Atlanta,Hailey Romano,1857,2035,Eastern Time (US & Canada),FALSE,en,heyheyhailey,Fri May 30 14:34:05 +0000 2014,1542,1539,8
2535353390,Atlanta,Caleb Paar,1374,2983,Eastern Time (US & Canada),FALSE,en,CalebPaar,Fri May 30 15:56:10 +0000 2014,1438,1698,12
2535818742,New York,Kendra,1688,2746,Eastern Time (US & Canada),FALSE,en,happkendrahappy,Fri May 30 20:55:46 +0000 2014,2301,1307,32
2536146374,"Atlanta, Georgia",Danny,1857,2191,Eastern Time (US & Canada),FALSE,en,dannythehappies,Sat May 31 00:27:24 +0000 2014,1405,1548,17
2537592520,"Барнаул, Россия",Колорад,2412,795,Moscow,FALSE,ru,Kolradskiy_Zhuk,Fri May 09 19:02:53 +0000 2014,1061,106,4
2538941639,,Прынцесса,168,1158,Volgograd,FALSE,ru,sovasof,Sat May 10 12:05:13 +0000 2014,843,151,1
2540596597,"Atlanta, GA",Chris,2456,4237,Eastern Time (US & Canada),FALSE,en,holycrapchrix,Mon Jun 02 02:03:39 +0000 2014,2768,2134,34
2540758755,USA,Stanley Cox,2508,1410,Central Time (US & Canada),FALSE,en,Stanley_Cox_,Sun May 11 10:33:38 +0000 2014,930,2859,27
2540882036,US,Toby Kress,1424,1396,Eastern Time (US & Canada),FALSE,en,heyits_toby,Mon Jun 02 06:34:52 +0000 2014,1011,1676,10
2541215075,Санкт-Петербург,Ленка Воропаева,2160,549,Moscow,FALSE,ru,GvardeykaLena,Sun May 11 15:53:17 +0000 2014,312,50,1
2541945841,Atlanta,Eric Roberts,2011,3777,Eastern Time (US & Canada),FALSE,en,mr_clampin,Mon Jun 02 18:05:55 +0000 2014,2403,1770,13
2547141851,"Chicago, IL",Chicago Daily News,19525,39293,Central Time (US & Canada),FALSE,en,ChicagoDailyNew,Wed May 14 10:48:50 +0000 2014,10,7063,214
2547539571,,More,126,1083,Volgograd,FALSE,ru,MsM0re,Wed May 14 15:09:05 +0000 2014,1980,145,1
2559217373,Москва,Алексей Владимиров,2211,620,Volgograd,FALSE,ru,AlexsVladimirov,Thu May 22 18:47:02 +0000 2014,1679,71,0
2559850571,"Москва, Россия",Олег Лапин,83,432,Volgograd,FALSE,ru,LapinOlegg,Fri May 23 05:39:16 +0000 2014,307,129,3
2563274242,Москва,Статский Советник,2147,978,Volgograd,FALSE,ru,SovetnikStatski,Sun May 25 10:39:05 +0000 2014,772,373,2
2568897527,Москва,Сергей Брянцев,51,1280,Yerevan,FALSE,ru,Sergbriantsev,Wed May 28 12:37:40 +0000 2014,748,3,0
2569229674,New - York,Lora Green,4009,5867,Eastern Time (US & Canada),FALSE,en,LoraGreeen,Wed May 28 16:02:11 +0000 2014,3676,3363,32
2570017414,"Memphis, TN",Memphis Online,18704,4223,Central Time (US & Canada),FALSE,en,OnlineMemphis,Thu May 29 01:01:16 +0000 2014,3,5751,113
2570250275,USA,Aiden Ramsey,1794,2284,Eastern Time (US & Canada),FALSE,en,Aiden7757,Thu May 29 09:58:50 +0000 2014,1711,1527,17
2570631118,United States,Politweecs,32846,559,Central Time (US & Canada),FALSE,en,Politweecs,Thu May 29 16:09:26 +0000 2014,51,25600,117
2571344730,,Моно,102,935,Volgograd,FALSE,ru,shapka_mono,Mon Jun 16 17:49:33 +0000 2014,1331,497,1
2571870453,"Detroit, Michigan",Detroit Daily News,18617,18924,Central Time (US & Canada),FALSE,en,DetroitDailyNew,Fri May 30 07:24:00 +0000 2014,4,5144,193
2571997365,USA,Anthony Porter,1545,2196,Central Time (US & Canada),FALSE,en,toneporter,Fri May 30 09:13:02 +0000 2014,1367,1408,10
2572058134,USA,Leroy Barton,1545,1501,Eastern Time (US & Canada),FALSE,en,LeroyLovesUSA,Fri May 30 09:52:16 +0000 2014,976,1321,9
2572092279,US,Justin,1969,2148,Eastern Time (US & Canada),FALSE,en,hipppo_,Fri May 30 10:41:42 +0000 2014,1520,1855,9
2574715662,Russia,Михаил Новиков,912,765,Volgograd,FALSE,ru,mihanovikov,Wed Jun 18 12:14:15 +0000 2014,1088,1148,9
2575046530,"Ростов-на-Дону, Россия",Глеб Никонов,2464,807,Volgograd,FALSE,ru,GlebNikon,Sun Jun 01 09:39:52 +0000 2014,227,165,0
2575471053,Санкт-Петербург ,Сергеев Анатолий,2467,956,Volgograd,FALSE,ru,Sergeev_Tolik,Sun Jun 01 14:50:02 +0000 2014,392,206,0
2577152109,,ДенИс,87,1479,Moscow,FALSE,ru,Denn_Nikitin,Mon Jun 02 10:35:09 +0000 2014,1719,70,0
2578226850,Россия,Борис Елисеев,2163,581,Volgograd,FALSE,ru,BorisEleseev,Fri Jun 20 07:35:09 +0000 2014,320,229,0
2578422308,"Тула, Тульская область",Cоюзники России,21072,15364,Abu Dhabi,FALSE,en,russianallies,Fri Jun 20 10:17:19 +0000 2014,0,2926,134
2579342751,USA,Proud Robert,1982,1325,Baku,FALSE,en,RealRobert1987,Tue Jun 03 04:02:16 +0000 2014,639,1834,17
2584152521,Montgomery,Jacky,1704,2233,Eastern Time (US & Canada),FALSE,en,queenofthewo,Thu Jun 05 12:27:57 +0000 2014,1275,1427,11
2586491520,"Москва, Россия",Валя Бочарников,212,1368,Nairobi,FALSE,ru,Bocharnikov_V,Tue Jun 24 23:36:30 +0000 2014,1080,1372,3
2586506586,Москва,Александр Харитонов,2231,1257,Moscow,FALSE,ru,AlexHarritonov,Tue Jun 24 23:50:56 +0000 2014,521,136,1
2587100717,USA,Jude Lambert,1688,1515,Central Time (US & Canada),FALSE,en,JudeLambertUSA,Fri Jun 06 13:58:27 +0000 2014,939,1525,21
2587843805,"Kansas City, MO",KansasCityDailyNews,25356,42560,Central Time (US & Canada),FALSE,en,KansasDailyNews,Fri Jun 06 19:56:04 +0000 2014,1,5169,166
2589353987,USA,Cassie Weltch,1710,2455,Eastern Time (US & Canada),FALSE,en,CassieWeltch,Sat Jun 07 13:13:24 +0000 2014,1381,1415,8
2590038478,USA,Raphael,1313,1521,Eastern Time (US & Canada),FALSE,en,PatriotRaphael,Sat Jun 07 18:41:41 +0000 2014,989,1555,19
2601235821,"Pittsburgh, PA",Pittsburgh Today,18917,32006,Eastern Time (US & Canada),FALSE,en,TodayPittsburgh,Wed Jun 11 14:24:00 +0000 2014,7,6350,145
2604334823,USA,Jarrard,1738,2189,Eastern Time (US & Canada),FALSE,en,JarrardNorman,Thu Jun 12 18:16:18 +0000 2014,1416,1354,18
2606301939,USA,Donald Finley,1409,4283,Central Time (US & Canada),FALSE,en,finley1589,Fri Jun 13 13:35:19 +0000 2014,6237,1187,41
2616344667,United States,Amy Green,3557,4461,Eastern Time (US & Canada),FALSE,en,AmandaVGreen,Tue Jun 17 05:45:51 +0000 2014,2672,3303,37
2620614029,"Philadelphia, PA",Philadelphia Online,15904,9725,Eastern Time (US & Canada),FALSE,en,PhiladelphiaON,Wed Jun 18 17:42:55 +0000 2014,4,5890,118
2620869737,USA,David Collier,1780,1757,Eastern Time (US & Canada),FALSE,en,pureDavie,Wed Jun 18 19:34:30 +0000 2014,1055,1603,14
2624554209,"Los Angeles, CA",Los Angeles Daily,17851,7288,Pacific Time (US & Canada),FALSE,en,DailyLosAngeles,Fri Jun 20 03:22:39 +0000 2014,4,7200,192
2665564544,,Мюсли Лаврова,47080,11798,Volgograd,FALSE,ru,LavrovMuesli,Mon Jul 21 10:56:38 +0000 2014,1026,2356,359
2668171329,USA,Bob Hodges,3080,3935,Eastern Time (US & Canada),FALSE,en,brightandglory,Thu Jul 03 15:01:56 +0000 2014,3359,3240,24
2671070290,USA,Blake Cline,2035,3325,Eastern Time (US & Canada),FALSE,en,PatriotBlake,Fri Jul 04 08:01:06 +0000 2014,3533,2286,38
2732675512,arkansas,Bekky Garner,2496,3942,Eastern Time (US & Canada),FALSE,en,BGarner2107,Sun Aug 03 19:00:10 +0000 2014,2765,2159,27
2742482932,Boston,Casey Pittman,1907,2537,Eastern Time (US & Canada),FALSE,en,cascaseyp,Thu Aug 14 07:52:32 +0000 2014,972,1567,15
2743327187,"Washington, D.C.",Washington Online,31729,28939,Eastern Time (US & Canada),FALSE,en,WashingtOnline,Fri Aug 15 07:33:02 +0000 2014,31,12148,263
2752677905,"New York, NY",New York City Today,60897,42438,Eastern Time (US & Canada),FALSE,en,TodayNYCity,Wed Aug 27 17:34:47 +0000 2014,42,5999,208
2753146444,"City of Cleveland, USA",Cleveland Online,16297,15314,Central Time (US & Canada),FALSE,en,OnlineCleveland,Thu Aug 28 07:00:42 +0000 2014,4,7621,80
2753211010,"City of Phoenix, Arizona",Phoenix Daily News,14895,19310,Arizona,FALSE,en,PhoenixDailyNew,Thu Aug 28 09:32:33 +0000 2014,4,5412,132
2753338899,"City of San Antonio, TX",San Antonio Top News,19506,13260,Central Time (US & Canada),FALSE,en,SanAntoTopNews,Thu Aug 28 14:35:55 +0000 2014,3,8167,104
2882013788,"Pittsburgh, US",Giselle Evans,24344,18466,Eastern Time (US & Canada),FALSE,en,GiselleEvns,Wed Oct 29 11:47:31 +0000 2014,9122,21953,113
2882037326,USA,Dana Gold,20941,13591,Eastern Time (US & Canada),FALSE,en,DanaGeezus,Wed Oct 29 12:07:12 +0000 2014,11920,14773,130
2882331822,USA,Jenna Abrams,61609,20576,Eastern Time (US & Canada),FALSE,en,Jenn_Abrams,Wed Oct 29 16:57:18 +0000 2014,8763,20600,456
4508630900,,,,,,,,TheFoundingSon,,,,
2882350436,USA,Christian Morgan,18062,10121,Pacific Time (US & Canada),FALSE,en,ChrixMorgan,Wed Oct 29 16:41:11 +0000 2014,6268,9033,97
2928870434,,Newspeak Daily,5786,10611,Eastern Time (US & Canada),FALSE,en,NewspeakDaily,Sat Dec 13 17:39:36 +0000 2014,0,874,65
2943515140,,Screamy Monkey,13214,45883,Pacific Time (US & Canada),FALSE,en,ScreamyMonkey,Sat Dec 27 08:31:21 +0000 2014,1165,14051,44
2951556370,,Special Affair,11237,36058,Pacific Time (US & Canada),FALSE,en,SpecialAffair,Tue Dec 30 17:41:33 +0000 2014,948,10072,51
3071479646,"Baltimore, MD",Baltimore Online,6406,10773,Eastern Time (US & Canada),FALSE,en,Baltimore0nline,Tue Mar 10 13:26:38 +0000 2015,78,5272,112
3074563039,"St Louis, MO",St. Louis Online,8329,17082,Eastern Time (US & Canada),FALSE,en,StLouisOnline,Thu Mar 12 03:43:19 +0000 2015,9,5249,145
3080829096,"Richmond, VA",Richmond Voice,2804,5234,Eastern Time (US & Canada),FALSE,en,RichmondVoice,Sat Mar 14 13:09:05 +0000 2015,3,4719,29
3083086600,USA,Kristian Aldrich,1483,1162,Eastern Time (US & Canada),FALSE,en,Aldrich420,Tue Mar 10 02:43:42 +0000 2015,940,1670,24
3083844539,,Holly Elder,1831,3066,Eastern Time (US & Canada),FALSE,en,Hollydler,Tue Mar 10 12:14:35 +0000 2015,3525,1493,20
3084088366,,Kenneth Pierce,2286,1695,Eastern Time (US & Canada),FALSE,en,PriceForPierce,Tue Mar 10 13:51:14 +0000 2015,1029,2696,30
3084360275,USA,Milo Blake,1916,1659,Eastern Time (US & Canada),FALSE,en,Mil0Blake,Tue Mar 10 16:44:21 +0000 2015,852,1977,25
3084866039,,Devin Brewer,1590,1061,Pacific Time (US & Canada),FALSE,en,DevineDevinBr,Tue Mar 10 21:06:03 +0000 2015,511,1361,28
3091936475,"Newark, NJ",Newark Voice,4108,11511,Eastern Time (US & Canada),FALSE,en,NewarkVoice,Sun Mar 15 07:23:30 +0000 2015,0,3732,42
3091979410,"Baton Rouge, LA",Baton Rouge Voice,3110,20707,Eastern Time (US & Canada),FALSE,en,BatonRougeVoice,Sun Mar 15 07:27:59 +0000 2015,0,2382,42
3312143142,StLouis,1-800-WOKE-AF,19314,28695,Pacific Time (US & Canada),FALSE,en,gloed_up,Tue Aug 11 07:22:47 +0000 2015,12132,10011,255
3438999494,,World Of Hashtags,7379,21500,Eastern Time (US & Canada),FALSE,en,WorldOfHashtags,Thu Sep 03 17:13:40 +0000 2015,27181,5462,80
3899481526,,Syria Today,26430,10162,London,FALSE,en,todayinsyria,Thu Oct 08 12:27:46 +0000 2015,93,6100,273
3978316814,,BlackMatters,15026,3252,Pacific Time (US & Canada),FALSE,en,blackmattersus,Thu Oct 22 08:38:41 +0000 2015,2830,14414,144
3990577513,,Tea Party News,19976,1649,Pacific Time (US & Canada),FALSE,en,tpartynews,Fri Oct 23 11:07:56 +0000 2015,928,21908,97
4036537452,,4 My Squad,4733,1489,Pacific Time (US & Canada),FALSE,en,4MySquad,Tue Oct 27 15:08:31 +0000 2015,544,4008,35
4178313619,,Black Eye,4555,1742,Pacific Time (US & Canada),FALSE,en,BlackEyeBlog,Mon Nov 09 10:31:30 +0000 2015,469,5155,49
4217244274,,Black Voice,8339,1545,Pacific Time (US & Canada),FALSE,en,Blk_Voice,Wed Nov 18 10:26:56 +0000 2015,3,6374,75
4271904983,All Over Texas,Heart Of Texas,5391,848,Central Time (US & Canada),FALSE,en,ItsTimeToSecede,Wed Nov 25 07:03:04 +0000 2015,604,5783,34
4301962823,Black America,Black News,11518,1370,Pacific Time (US & Canada),FALSE,en,BlackNewsOutlet,Sat Nov 28 01:17:40 +0000 2015,36,6737,130
4311371968,,Right and Proud,9297,791,Pacific Time (US & Canada),FALSE,en,rightnpr,Sat Nov 28 21:53:33 +0000 2015,46,7930,32
4355797094,"Texas, USA",South Lone Star,22049,2108,Pacific Time (US & Canada),FALSE,en,SouthLoneStar,Wed Nov 25 12:33:28 +0000 2015,216,14785,123
4856706634,,Don't Shoot,4683,757,Pacific Time (US & Canada),FALSE,en,dontshootcom,Thu Jan 28 09:36:21 +0000 2016,460,4612,41
4859142199,,Traynesha Cole 🌐,11756,7118,Pacific Time (US & Canada),FALSE,en,TrayneshaCole,Thu Feb 04 13:35:05 +0000 2016,2010,9599,133
1504356343,USA,Eliana Galloway,1000,1721,Eastern Time (US & Canada),FALSE,en,GallowayEliana,Tue Jun 11 15:38:17 +0000 2013,1882,939,14
1512371617,USA,Cateline,1194,1589,Eastern Time (US & Canada),FALSE,en,CatelineWatkins,Thu Jun 13 04:06:06 +0000 2013,851,1666,8
1527133837,United States,Susan Young,953,1765,Eastern Time (US & Canada),FALSE,en,SusaYung,Tue Jun 18 08:08:40 +0000 2013,1773,973,13
1534083420,"Atlanta, GA",Tara Franko,470,641,Eastern Time (US & Canada),FALSE,en,taraformation,Thu Jun 20 14:46:59 +0000 2013,987,517,2
1621376306,USA,Sean Beast,670,1475,Eastern Time (US & Canada),FALSE,en,BigSeanBeast,Thu Jul 25 21:54:29 +0000 2013,1856,780,8
1623062953,USA,Shane Mathews,724,1346,Eastern Time (US & Canada),FALSE,en,NotBallinYet,Fri Jul 26 14:08:30 +0000 2013,1557,686,7
1626302035,"Bronx, NY",Clayton Paige,838,1328,Eastern Time (US & Canada),FALSE,en,ClayPaigeBoo,Sat Jul 27 20:47:13 +0000 2013,1143,1265,12
1645969141,USA,#I'mWokeAF,612,1717,Eastern Time (US & Canada),FALSE,en,FightM_D_B,Sun Aug 04 19:19:46 +0000 2013,2326,507,10
1646999972,USA,Patrick,338,893,Eastern Time (US & Canada),FALSE,en,hollandpatrickk,Mon Aug 05 05:41:35 +0000 2013,324,429,6
1647637538,"Houston, TX",Kayden Melton,2780,1672,Eastern Time (US & Canada),FALSE,en,KaydenMelton,Mon Aug 05 11:58:45 +0000 2013,1865,2404,6
1649652192,,Charles Wright,704,1328,Eastern Time (US & Canada),FALSE,en,CharlesRespeck,Tue Aug 06 06:54:16 +0000 2013,1259,647,14
1650310652,,Praying for Love,2355,2826,Eastern Time (US & Canada),FALSE,en,HellieEdwards,Tue Aug 06 13:08:11 +0000 2013,2513,3117,16
1651108392,USA,Wonderwoman,51,33,Eastern Time (US & Canada),FALSE,en,WonderHann,Tue Aug 06 20:12:35 +0000 2013,12,45,2
1681425248,,,,,,,,MarissaImStrong,,,,
1653393446,"Miami, FL",Johnie Vaughan,876,1610,Eastern Time (US & Canada),FALSE,en,JohnieVOGUE,Wed Aug 07 16:50:35 +0000 2013,2310,743,5
1654347974,USA,May Sullivan,870,1660,Eastern Time (US & Canada),FALSE,en,maymaymyy,Thu Aug 08 02:09:53 +0000 2013,1712,742,5
1654695517,USA,Paul Stewart,795,1417,Eastern Time (US & Canada),FALSE,en,ImaSwerve,Thu Aug 08 05:49:18 +0000 2013,1492,709,9
1655288160,"Baltimore, MD",Sincere Pruitt,612,1272,Eastern Time (US & Canada),FALSE,en,SincerePruitt,Thu Aug 08 12:49:14 +0000 2013,1371,581,9
1655815544,USA,Jeannette Whitley,830,1514,Eastern Time (US & Canada),FALSE,en,JeaNuttella,Thu Aug 08 17:11:47 +0000 2013,1328,647,7
1657753759,"Houston, TX",Jonathan Branch,849,1685,Eastern Time (US & Canada),FALSE,en,JohnBranchh,Fri Aug 09 13:11:39 +0000 2013,2359,852,7
1659753702,,Karen P.,1317,1957,Eastern Time (US & Canada),FALSE,en,KarenParker93,Sat Aug 10 10:20:15 +0000 2013,1280,862,17
1660183028,"Oklahoma, PA",Theresa Elmore,2823,1738,Eastern Time (US & Canada),FALSE,en,TessyElmore,Sat Aug 10 13:54:53 +0000 2013,2103,2207,9
1660186831,USA,Adrian Greer,717,1400,Eastern Time (US & Canada),FALSE,en,AdrGreerr,Sat Aug 10 13:46:52 +0000 2013,1378,1214,9
1660804459,United States,Damani Miles,815,1353,Eastern Time (US & Canada),FALSE,en,DamaniMiles,Sat Aug 10 19:14:29 +0000 2013,1138,682,9
1662779209,USA,Rachael Holbrook,1799,1988,Eastern Time (US & Canada),FALSE,en,RH0lbr00k,Sun Aug 11 14:58:35 +0000 2013,1850,1970,15
1663583694,"Chicago, IL",Malik Chandler,810,1507,Eastern Time (US & Canada),FALSE,en,FinnaGlo,Sun Aug 11 22:42:28 +0000 2013,1514,911,7
1668314575,"Atlanta, GA",Johnie Cooks,674,1499,Eastern Time (US & Canada),FALSE,en,JohnieBoyCooks,Tue Aug 13 16:58:18 +0000 2013,1786,647,4
1670762347,"Arizona, USA",Adam Chapman,835,1282,Eastern Time (US & Canada),FALSE,en,AdamChapmanJR,Wed Aug 14 15:08:24 +0000 2013,1081,728,5
1675280893,"Atlanta, GA",Brian Carter,880,1244,Eastern Time (US & Canada),FALSE,en,BrianTheLifter,Fri Aug 16 09:09:28 +0000 2013,1362,698,7
1678552327,,Angel Underwood,782,1761,Eastern Time (US & Canada),FALSE,en,WokeFromDay1,Sat Aug 17 15:39:32 +0000 2013,1900,829,15
1680366068,"Ferguson, MO",Willis Bonner,571,1356,Eastern Time (US & Canada),FALSE,en,WillisBonnerr,Sun Aug 18 10:05:28 +0000 2013,1365,470,7
1683608846,USA,Jeremy Cooley,596,1249,Eastern Time (US & Canada),FALSE,en,JerStoner,Mon Aug 19 16:03:35 +0000 2013,1212,464,6
1685229229,USA,Nehemiah Ingram,691,1137,Eastern Time (US & Canada),FALSE,en,NehemiahX,Tue Aug 20 08:07:47 +0000 2013,1036,642,12
1688003786,USA,Arielle Goodwin,909,1614,Eastern Time (US & Canada),FALSE,en,QueennArielle,Wed Aug 21 10:45:28 +0000 2013,1581,941,6
1691000604,"Chicago, IL",Robert Thompson,591,1141,Eastern Time (US & Canada),FALSE,en,RobertEbonyKing,Thu Aug 22 13:11:59 +0000 2013,1074,478,2
1695671640,,John Martin,668,1431,Eastern Time (US & Canada),FALSE,en,JohnnyMarch_,Sat Aug 24 06:17:31 +0000 2013,1482,765,4
1696996141,NH,Ken,774,1264,Eastern Time (US & Canada),FALSE,en,KenCannone,Sat Aug 24 17:04:03 +0000 2013,290,580,9
1706657124,US,Janel P.,942,1570,Eastern Time (US & Canada),FALSE,en,janelperkinson,Wed Aug 28 08:13:13 +0000 2013,1678,1119,5
1709314117,"Missouri, USA",Matthew Caldwell,897,1498,Eastern Time (US & Canada),FALSE,en,aantiracist,Thu Aug 29 06:17:21 +0000 2013,1785,735,9
1711063908,USA,cookie monster,678,1587,Eastern Time (US & Canada),FALSE,en,cookiiieeessss,Thu Aug 29 22:03:28 +0000 2013,1610,779,8
1850866398,USA,Brice Geller,711,1386,Eastern Time (US & Canada),FALSE,en,BriceGeller,Tue Sep 10 09:05:55 +0000 2013,1408,661,7
1863956756,USA,Cory Hale,674,1153,Eastern Time (US & Canada),FALSE,en,CoryNaeNae,Sat Sep 14 14:11:28 +0000 2013,1004,520,5
1868810166,USA,Khalil Sneed,555,1281,Eastern Time (US & Canada),FALSE,en,BigBoySneed,Sun Sep 15 19:03:59 +0000 2013,908,512,6
1873206768,,Brent Mcclure,646,1425,Eastern Time (US & Canada),FALSE,en,BrentMcclure275,Mon Sep 16 22:32:27 +0000 2013,1547,1008,6
1877492857,USA,Christian Ward,1404,15943,Eastern Time (US & Canada),FALSE,en,ChesPlaysChess,Wed Sep 18 00:47:26 +0000 2013,13474,1736,56
1882324014,United States,Patricia Cooper,1262,1898,Eastern Time (US & Canada),FALSE,en,Pati_Cooper,Thu Sep 19 08:08:12 +0000 2013,1441,1532,30
2351739462,"Россия, Москва",Холодная Война 2.0,44470,32426,Volgograd,FALSE,ru,coldwar20_ru,Wed Feb 19 14:06:09 +0000 2014,232,5300,388
2491401030,United States,Clifton Hughes,866,1236,Eastern Time (US & Canada),FALSE,en,CliftonHughes_,Mon May 12 12:53:07 +0000 2014,1474,975,8
2496599688,Atlanta,Rita Hart,1619,2224,Eastern Time (US & Canada),FALSE,en,NotRitaHart,Thu May 15 15:46:10 +0000 2014,1657,2802,21
2497991305,USA,Austin,33,103,Eastern Time (US & Canada),FALSE,en,AustinLovesBeer,Fri May 16 07:38:06 +0000 2014,1,41,4
2530830345,"New Orleans, LA",New Orleans Online,27745,44882,Central Time (US & Canada),FALSE,en,NewOrleansON,Mon May 05 11:33:03 +0000 2014,33,11333,157
2533221819,USA,Kate Stafford,2187,1752,Volgograd,FALSE,en,LazyKStafford,Tue May 06 17:01:42 +0000 2014,1509,1818,30
2534421182,Atlanta,Abigail Silk,858,1592,Eastern Time (US & Canada),FALSE,en,abigailssilk,Fri May 30 07:14:05 +0000 2014,846,629,13
2537507303,"El Paso, Texas",El Paso Top News,14648,8050,Central Time (US & Canada),FALSE,en,ElPasoTopNews,Fri May 09 18:10:19 +0000 2014,2,5033,34
2573225349,US,Dominic Valentine,2569,2775,Eastern Time (US & Canada),FALSE,en,DominicValent,Sat May 31 03:02:31 +0000 2014,2445,3072,22
2577082467,"Cincinnati, OH",Cincinnati Today,16483,15189,Central Time (US & Canada),FALSE,en,TodayCincinnati,Mon Jun 02 09:58:20 +0000 2014,1,9184,141
2580516159,USA,James Cox,1302,1652,Eastern Time (US & Canada),FALSE,en,JmsCoxxx,Tue Jun 03 14:28:36 +0000 2014,506,2407,6
2591847731,"Boston, USA",Boston Today,15376,15425,Eastern Time (US & Canada),FALSE,en,TodayBostonMA,Sun Jun 08 11:20:43 +0000 2014,3,8840,153
2598367019,USA,Rick Irwin,2033,2309,Eastern Time (US & Canada),FALSE,en,DickyIrwin,Tue Jun 10 17:33:37 +0000 2014,2056,3105,34
2611151319,"Seattle, WA",Seattle Post,17222,27013,Central Time (US & Canada),FALSE,en,Seattle_Post,Sun Jun 15 11:14:44 +0000 2014,17,5254,201
2628066159,"Houston, TX",Houston Top News,16678,20564,Central Time (US & Canada),FALSE,en,HoustonTopNews,Sat Jun 21 09:32:57 +0000 2014,14,9562,115
2630842499,"San Diego, CA",San Diego Daily,15702,18733,Pacific Time (US & Canada),FALSE,en,DailySanDiego,Sun Jun 22 08:43:22 +0000 2014,2,5435,219
2675966513,"Dallas, Texas",Dallas Top News,18843,19714,Central Time (US & Canada),FALSE,en,DallasTopNews,Sat Jul 05 13:33:55 +0000 2014,6,7664,151
2944766250,"Atlanta, GA",Atlanta Online,17346,12995,Eastern Time (US & Canada),FALSE,en,Atlanta_Online,Sat Dec 27 08:26:11 +0000 2014,7,9424,140
2944944427,"Miami, FL",Miami Today,18832,8218,Eastern Time (US & Canada),FALSE,en,TodayMiami,Sat Dec 27 10:32:25 +0000 2014,3,9705,117
3070151882,"Brussel, België",Tatiana Maksimova,609,6946,Volgograd,FALSE,ru,enTatjanaMax,Mon Mar 09 18:17:01 +0000 2015,14349,2326,50
3074013672,"Oakland, CA",Oakland Online,12147,14867,Pacific Time (US & Canada),FALSE,en,OaklandOnline,Wed Mar 11 22:07:13 +0000 2015,0,10232,183
3081110164,"Jackson, MS",Jackson City Post,2643,6308,Eastern Time (US & Canada),FALSE,en,JacksonCityPost,Mon Mar 09 06:35:04 +0000 2015,0,2074,56
3092302720,"New York, NY",Kelvin Sok,0,165,Eastern Time (US & Canada),FALSE,en,kelvsok,Mon Mar 16 02:23:12 +0000 2015,8,1,0
3098232473,"New York, NY",Nataly Turner,6,173,Eastern Time (US & Canada),FALSE,en,nataturn,Fri Mar 20 02:37:16 +0000 2015,1,15,1
3824403809,,Вестник Дамаска,20247,8500,Volgograd,FALSE,ru,NovostiDamask,Wed Sep 30 13:21:07 +0000 2015,3,2784,237
3969530725,"Texas, USA",Being Patriotic,11811,1706,Eastern Time (US & Canada),FALSE,en,patriototus,Wed Oct 21 13:27:31 +0000 2015,2011,9265,58
4103087435,,Patriot Archive,7669,609,Pacific Time (US & Canada),FALSE,en,Patriot_Archive,Tue Nov 03 07:44:50 +0000 2015,269,7109,35
4208754922,,People For Justice!,5550,1407,Pacific Time (US & Canada),FALSE,en,MissouriNewsUS,Tue Nov 17 09:29:58 +0000 2015,143,5377,84
4209684039,,Luke Jones,2960,286,Pacific Time (US & Canada),FALSE,en,Luke_Jones13,Tue Nov 17 12:39:45 +0000 2015,15,1693,12
4224912857,,,,,,,,RealTEN_GOP,,,,
7.3742E+17,,,,,,,,March_for_Trump,,,,
4233777387,"New Jersey, USA",New Jersey Black,2820,451,Pacific Time (US & Canada),FALSE,en,nj_blacknews,Fri Nov 20 10:38:26 +0000 2015,40,1890,44
4289431230,"Lafayette, LA",Red Louisiana News,9767,1530,Pacific Time (US & Canada),FALSE,en,redlanews,Thu Nov 19 11:53:45 +0000 2015,360,8729,48
4289925109,,Telah Blac,2458,1179,Pacific Time (US & Canada),FALSE,en,blacneighbor,Thu Nov 19 12:39:39 +0000 2015,74,2176,40
4299815909,,Jeblary Bushton,8462,1176,Pacific Time (US & Canada),FALSE,en,Jeblary2016,Fri Nov 27 20:33:47 +0000 2015,0,6347,115
4795201707,,American Muslims,2471,649,Pacific Time (US & Canada),FALSE,en,MUSLIMS_IN_USA,Wed Jan 13 15:18:18 +0000 2016,107,1787,11
2438338479,,ОнлиВан,112,1205,Baku,FALSE,ru,OooonlyOne,Wed Mar 26 18:11:00 +0000 2014,721,150,2
2498181012,Москва,Остров,241,1616,Moscow,FALSE,ru,OstrovOfficer,Fri May 16 09:48:18 +0000 2014,2929,310,3
2516933027,"Saint Petersburg, Russia",Данила Маслов,149,376,Baku,FALSE,ru,DannyMaslov,Tue Apr 29 14:37:32 +0000 2014,313,643,1
2528799640,,newtime,152,828,Volgograd,FALSE,ru,gffgfsfgfsdffjj,Sun May 04 18:24:06 +0000 2014,1844,249,8
2536836075,,Фрида,95,1703,Volgograd,FALSE,ru,OH_Frida,Fri May 09 10:29:55 +0000 2014,3057,120,1
2544279414,,Stuart O'Shaughnessy,79,1914,,FALSE,en,Shocko_10,Tue Jun 03 21:00:25 +0000 2014,422,216,3
2567949836,,Хоррор,84,1778,Volgograd,FALSE,ru,HorrorKi,Sat Jun 14 23:33:22 +0000 2014,2096,343,1
2578327831,,Микки Улыбается,76,1433,Moscow,FALSE,ru,MikkyRurk,Fri Jun 20 08:34:22 +0000 2014,2655,34,3
2578879620,,Том Рони,76,1463,Volgograd,FALSE,ru,Zistti,Fri Jun 20 16:02:54 +0000 2014,2178,323,1
2579089021,Мурманск,Люсик Винкова,2347,636,Moscow,FALSE,ru,LysikVinkova,Fri Jun 20 18:20:57 +0000 2014,720,49,0
2582643409,Ватноград,Аркадий Трофимов,2096,1549,Volgograd,FALSE,ru,arkadii_trofim,Sun Jun 22 18:10:21 +0000 2014,1089,261,4
2586251828,Москва,Лила Горила,85,1884,Volgograd,FALSE,ru,Lila_Gorila,Tue Jun 24 19:44:26 +0000 2014,2634,251,0
2808833544,,Максим Дементьев,98412,30624,Yerevan,FALSE,ru,MaxDementiev,Sun Sep 14 06:20:01 +0000 2014,3619,94,166
2992047969,Санкт-Петербург,Ять тв,289,378,,FALSE,ru,YatTVRussia,Thu Jan 22 13:49:05 +0000 2015,496,502,5
38875764,St-Petersburg,Olga,14,219,St. Petersburg,FALSE,ru,Leecory,Sat May 09 15:58:34 +0000 2009,0,6,0
2519634855,Омск,Максим Благинин,4749,223,Moscow,FALSE,ru,MaksBlaginin,Wed Apr 30 19:27:41 +0000 2014,65,84,1
2525622731,,тебе пиздец,6360,1325,Eastern Time (US & Canada),FALSE,ru,TebePizdec,Sat May 03 14:55:01 +0000 2014,292,1265,12
2532553697,"Москва, Россия",Борис Красильников,329,287,Volgograd,FALSE,ru,KrasilnikovBor,Tue May 06 08:28:57 +0000 2014,167,264,15
2537243471,,Bantta,94,119,Moscow,FALSE,ru,BanttaNantta,Fri May 09 15:34:38 +0000 2014,175,278,0
2542876557,Москва,Илья Рогов,2305,208,Volgograd,FALSE,ru,RogovIlia,Mon May 12 12:09:09 +0000 2014,31,52,0
2579368386,Красти Бургер ,Красти Псих,186,63,Volgograd,FALSE,ru,KrustyPs,Fri Jun 20 23:02:55 +0000 2014,73,323,0
3608261007,,PoliceState,1468,611,Pacific Time (US & Canada),FALSE,en,PoliceStateMe,Thu Sep 10 10:48:51 +0000 2015,58,2092,10
3900319276,,أخبار عاجلة من سوريا,2933,10983,Muscat,FALSE,en,MidEastView,Thu Oct 08 14:34:01 +0000 2015,4,1655,3
87588938,,Одинокий Джордж,1267,61735,Moscow,FALSE,ru,anzgri,Thu Nov 05 01:44:48 +0000 2009,75,36,111
1497280638,,Lindsey Rodriguez,785,1189,Eastern Time (US & Canada),FALSE,en,LynsRodriguez,Mon Jun 10 04:06:20 +0000 2013,629,1015,14
1625965398,portland,Meggie O'Neil,955,1594,Eastern Time (US & Canada),FALSE,en,MeggieONeil,Sat Jul 27 17:56:57 +0000 2013,1572,2020,13
1701582961,"Brooklyn, NY",Edmund Ragland,536,1087,Eastern Time (US & Canada),FALSE,en,EdmundRJr,Mon Aug 26 10:32:18 +0000 2013,863,588,5
2431598206,Москва,Маргарита Бероева,285,6109,Nairobi,FALSE,ru,margoberoeva,Sun Mar 23 18:39:44 +0000 2014,846,251,4
2537357265,LA,Donna Miller,1363,2094,Eastern Time (US & Canada),FALSE,en,DonnieLMiller,Fri May 09 16:45:06 +0000 2014,1239,2565,20
2541109454,United States,Gloris Glaze,74,14,Eastern Time (US & Canada),FALSE,en,heyitsglor,Mon Jun 02 09:33:38 +0000 2014,14,206,0
2570574680,Россия ,РИА ФАН,11370,57212,Minsk,FALSE,ru,riafanru,Mon Jun 16 09:08:53 +0000 2014,0,2908,80
2589513234,Москва,Николай Зубов,26002,19641,Volgograd,FALSE,ru,zubovnik,Thu Jun 26 12:46:20 +0000 2014,410,657,155
2912754262,United States,Pigeon Today,29524,15665,Eastern Time (US & Canada),FALSE,en,PigeonToday,Tue Dec 09 13:45:21 +0000 2014,1344,21248,240
3308949087,,Malcolm,19,119,,FALSE,en,mbrownhere,Fri Jun 05 06:17:08 +0000 2015,154,237,1
3989295372,,Instotus,4516,581,Pacific Time (US & Canada),FALSE,en,instotus,Fri Oct 23 08:37:36 +0000 2015,613,4741,23
4444330996,Cosmopolitanism,Global Enemy,1294,493,Pacific Time (US & Canada),FALSE,en,GlobalFoe,Fri Dec 11 03:30:25 +0000 2015,198,2797,28
7.33273E+17,"Hessen, Deutschland",Chris Port,3178,741,Berlin,FALSE,de,chrisuport_port,Thu May 19 12:29:34 +0000 2016,3005,3866,29
7.52965E+17,,Darrell Hunt,1,1,,FALSE,en,Darrell_H_Hunt,Tue Jul 12 20:38:02 +0000 2016,0,46,0
7.53215E+17,,Margareth Kurz,6,250,Bern,FALSE,de,MargarethKurz,Wed Jul 13 13:10:02 +0000 2016,21,136,2
7.50368E+17,,Andreas Stern,17,253,Madrid,FALSE,de,sternandreas404,Tue Jul 05 16:35:35 +0000 2016,28,149,2
7.31123E+17,"Washington, DC",Карточный Домик,9426,385,Moscow,FALSE,ru,WhiteHouseCards,Fri May 13 14:05:42 +0000 2016,0,3047,10
2429465939,,Арсений или Роман,72,1281,Moscow,FALSE,ru,Arseni_Roman,Sat Mar 22 19:35:29 +0000 2014,3234,241,4
2482076083,,Сестра Джуд Мартин,90,1131,Moscow,FALSE,ru,Bratuha_Borcuha,Wed May 07 12:57:38 +0000 2014,2048,226,1
7.3579E+17,,Брови Брежнева,14353,1035,Moscow,FALSE,ru,bydrbre_,Thu May 26 11:10:56 +0000 2016,96,6565,19
7.23435E+17,,Erdollum,5811,2556,Berlin,FALSE,de,erdollum,Fri Apr 22 08:55:14 +0000 2016,2986,4845,45
2588336851,Москва,спектор,129,950,Volgograd,FALSE,ru,inspectAn,Wed Jun 25 22:18:20 +0000 2014,1590,211,4
7.47344E+17,the corner of happy & healthy,Markiya,92,3871,,FALSE,en,internalmemer,Mon Jun 27 08:22:09 +0000 2016,17113,74,3
2516294981,,Psycho,115,646,Moscow,FALSE,ru,krivelev_law,Tue Apr 29 06:33:00 +0000 2014,1214,371,3
2563075183,,Твоя Харли,88,1321,Volgograd,FALSE,ru,med_Harley,Thu Jun 12 09:21:46 +0000 2014,1461,518,0
2577151334,,Миллениум,88,1807,Volgograd,FALSE,ru,MiliMillennium,Thu Jun 19 16:41:05 +0000 2014,2450,108,0
2519246716,,Кортон,98,1564,Moscow,FALSE,ru,MrServelat,Wed Apr 30 15:34:20 +0000 2014,2491,240,0
2525491683,Москва,Лама Нана,140,1727,Volgograd,FALSE,ru,nana_lama,Sat May 03 13:40:08 +0000 2014,2698,430,2
2534367226,,ПолитОпрос,19678,653,Moscow,FALSE,ru,PolitOpros,Wed May 07 20:12:29 +0000 2014,13,3695,48
2575626468,Омск,Шикарный,87,1288,Volgograd,FALSE,ru,ShikarnoeL,Wed Jun 18 23:01:57 +0000 2014,1790,349,2
2504601561,СПб,Котик&Енотик,120,2040,Moscow,FALSE,ru,TtlenLen,Wed Apr 23 18:33:49 +0000 2014,2678,115,0
7.89266E+17,Estados Unidos,WorldNewsPolitics,1957,638,,FALSE,es,WorldnewsPoli,Fri Oct 21 00:44:43 +0000 2016,0,4755,4
7.4887E+17,,19:37,4476,33,,FALSE,ru,4ever1937,Fri Jul 01 13:26:09 +0000 2016,21,380,0
7.50675E+17,,Andreas Eulitz,9,98,London,FALSE,de,AndreasEulitz,Wed Jul 06 12:58:51 +0000 2016,46,95,1
7.52825E+17,,Angela Lattke,14,231,Bern,FALSE,de,angela_lattke,Tue Jul 12 11:19:29 +0000 2016,59,90,1
7.14721E+17,"Berlin, Deutschland",Nils Berkhoff,1753,1041,Berlin,FALSE,de,berkhoff85,Tue Mar 29 07:48:38 +0000 2016,816,3179,30
7.25306E+17,,Berlin Bote,8,6804,Bern,FALSE,de,BerlinBote,Wed Apr 27 12:48:46 +0000 2016,0,0,7
7.19275E+17,,Blacktivist,2404,710,Pacific Time (US & Canada),FALSE,en,Blacktivists,Sun Apr 10 21:25:34 +0000 2016,21,1424,36
2401770593,"Moscow, Russia",Валерий Бреусов,91,1078,Baku,FALSE,en,briys_valera,Tue Mar 11 09:47:20 +0000 2014,498,53,0
7.59825E+17,United States,Chaotic Neutral,1,16,,FALSE,en,ChaNeutral,Sun Jul 31 18:56:16 +0000 2016,0,55,0
7.52864E+17,,Maria Fischer,17,217,Berlin,FALSE,de,fischermaria933,Tue Jul 12 13:53:59 +0000 2016,135,75,1
7.56554E+17,,GEO Review,37,16,Pacific Time (US & Canada),FALSE,en,GeoreviewEurope,Fri Jul 22 18:17:31 +0000 2016,3,281,0
2588788573,Москва,Лана Дель Роджер,98,999,Moscow,FALSE,ru,gorelkinnn,Thu Jun 26 03:43:22 +0000 2014,2029,340,1
7.0367E+17,,InstVets,2618,184,,FALSE,en,inst_vets,Sat Feb 27 19:58:12 +0000 2016,3,4244,13
7.19281E+17,Islamic States of America,Jihadist Wife,5081,1071,Pacific Time (US & Canada),FALSE,en,Jihadist2ndWife,Sun Apr 10 21:49:41 +0000 2016,1036,3797,51
2589592793,,Джонни Морган,67,738,Volgograd,FALSE,ru,Jorda_Morgan,Sat Jun 07 15:13:07 +0000 2014,1371,104,0
7.52973E+17,,LGBT United,338,453,,FALSE,en,LGBTuni,Tue Jul 12 21:09:28 +0000 2016,0,262,3
535690498,,LinaLuna,785,9394,Volgograd,FALSE,ru,Lmarinays,Sat Mar 24 20:41:43 +0000 2012,627,202,3
7.16919E+17,,Lukas Rösler,1217,1212,Berlin,FALSE,de,lukas_rosler,Mon Apr 04 09:23:23 +0000 2016,1270,3067,14
3906961827,Paris,Maxime Garon,82,1024,Paris,FALSE,fr,maximgaron1,Fri Oct 09 07:46:20 +0000 2015,31,522,1
7.63665E+17,,darya medovaya,3263,248,Pacific Time (US & Canada),FALSE,ru,mmmdarya,Thu Aug 11 09:16:25 +0000 2016,249,380,0
2533095573,,Барин-Модник,74,862,Volgograd,FALSE,ru,Moda_Barina,Tue May 06 15:30:14 +0000 2014,1594,52,0
7.18341E+17,,Matthias Berger,980,1135,Berlin,FALSE,de,mtthsberger,Fri Apr 08 07:33:10 +0000 2016,2113,2966,23
2545365862,,ОбниМаша,244,1291,Volgograd,FALSE,ru,mwiqcen,Tue May 13 16:22:47 +0000 2014,2461,257,3
7.48465E+17,United States,$10 challenge,30,4,Pacific Time (US & Canada),FALSE,en,PeeOnHillary,Thu Jun 30 10:35:29 +0000 2016,0,1510,0
7.50346E+17,,Peter Kistner,52,248,Berlin,FALSE,de,PeterKistner,Tue Jul 05 15:09:43 +0000 2016,32,632,2
7.62948E+17,,Русские в Америке,5,13,,FALSE,ru,RUS_IN_USA,Tue Aug 09 09:46:35 +0000 2016,0,18,2
7.52792E+17,,Ingrid Schulte,10,244,Berlin,FALSE,de,schultei2,Tue Jul 12 09:08:21 +0000 2016,71,100,2
7.5286E+17,,Katharina Sonder,26,393,Berlin,FALSE,de,SonderKatharina,Tue Jul 12 13:39:00 +0000 2016,108,210,1
7.52882E+17,,Tina Kurtz,7,134,Bern,FALSE,de,TinaTkurtz1222,Tue Jul 12 15:06:14 +0000 2016,77,55,0
7.4999E+17,st/petersburg,timofey tsvetkov,3216,2271,,FALSE,en,TTsvetkov,Mon Jul 04 15:36:43 +0000 2016,2812,405,0
7.03291E+17,,Williams&Kalvin,740,326,,FALSE,en,Williams8kalvin,Fri Feb 26 18:51:47 +0000 2016,32,599,9
7.03303E+17,,Diana Williams,1973,170,Pacific Time (US & Canada),FALSE,en,Williams_Diana_,Fri Feb 26 19:38:58 +0000 2016,0,4468,10
7.5285E+17,,Joachim Buchwitz,1,5,Berlin,FALSE,de,JoachimBuchwitz,Tue Jul 12 12:59:25 +0000 2016,13,50,0
7.50656E+17,,Klara Sauber,25,11,Bern,FALSE,de,klara_sauber,Wed Jul 06 11:43:14 +0000 2016,12,192,0
7.49931E+17,,Maria Neuberg,8,15,Bern,FALSE,de,MariaNeuberg1,Mon Jul 04 11:42:19 +0000 2016,11,100,0
,,,,,,,,andrebeauleger,,,,
,,,,,,,,angelabach991,,,,
,,,,,,,,AnthonyWoodboy,,,,
,,,,,,,,_Billy_Moyer_,,,,
,,,,,,,,c__wells,,,,
,,,,,,,,christinapool61,,,,
,,,,,,,,evewebster373,,,,
,,,,,,,,fishalexanderr,,,,
,,,,,,,,Jamie_Mccarthy_,,,,
,,,,,,,,KarolineAuge,,,,
,,,,,,,,LilyLilyhasse,,,,
,,,,,,,,Logan_WhatsUp,,,,
,,,,,,,,manuelkrosss,,,,
,,,,,,,,MicParrish,,,,
,,,,,,,,NinonDerrien,,,,
,,,,,,,,sylvielefevrier,,,,
,,,,,,,,verrellportier,,,,
,,,,,,,,LelandGraves_,,,,
,,,,,,,,GlennHarper_,,,,
,,,,,,,,TodayCleveland,,,,
,,,,,,,,iris0_o,,,,
,,,,,,,,ClydeDaws0n,,,,
,,,,,,,,Joseph_Jenks,,,,
,,,,,,,,Erdollum666,,,,
,,,,,,,,EricaRutter,,,,
,,,,,,,,riogithief,,,,
,,,,,,,,JaedenMassey,,,,
,,,,,,,,IanCalh0un,,,,
,,,,,,,,MilwaukeeVoice,,,,
,,,,,,,,portmela,,,,
,,,,,,,,BeverlyBalsom,,,,
,,,,,,,,ssus_panther,,,,
,,,,,,,,ChristinaCrisss,,,,
,,,,,,,,JsnCarey,,,,
,,,,,,,,ColbyST1,,,,
,,,,,,,,AlbertMoreNMore,,,,
,,,,,,,,Roscoe_Riddle,,,,
,,,,,,,,Israel_Wills,,,,
,,,,,,,,OrrClay,,,,
,,,,,,,,agnesgrhm,,,,
,,,,,,,,RyannCooperwood,,,,
,,,,,,,,Gibbs_Jeremy_,,,,
,,,,,,,,GraceLilStar,,,,
,,,,,,,,wildharee,,,,
,,,,,,,,handsome_henson,,,,
,,,,,,,,Danny_Turner_1,,,,
,,,,,,,,jrrbrtt,,,,
,,,,,,,,Jon_Underwood_,,,,
,,,,,,,,EdmundC0oke,,,,
,,,,,,,,SindyBlossom,,,,
,,,,,,,,sto_christi,,,,
,,,,,,,,YaelTrouble,,,,
,,,,,,,,KristyanaNN,,,,
,,,,,,,,T0nyaSinclair,,,,
,,,,,,,,KimberleighLamb,,,,
,,,,,,,,HamburgBote,,,,
,,,,,,,,ReachItDoIt,,,,
,,,,,,,,KirstenLaDaniel,,,,
,,,,,,,,gwen_garland,,,,
,,,,,,,,KlausFinker,,,,
,,,,,,,,srahSE,,,,
